,date,close,diff,open,high,low,volume
1,2020-09-16,3770,85,3855,3880,3715,48574
2,2020-09-15,3855,155,3700,3860,3700,53485
3,2020-09-14,3700,20,3680,3730,3645,18155
4,2020-09-11,3680,15,3695,3695,3645,8479
5,2020-09-10,3695,35,3695,3695,3650,7480
9,2020-09-09,3660,5,3655,3665,3615,6217
10,2020-09-08,3655,10,3685,3725,3630,22008
11,2020-09-07,3645,15,3630,3700,3590,7972
12,2020-09-04,3630,90,3525,3690,3525,11708
13,2020-09-03,3720,10,3735,3735,3665,13477
16,2020-09-02,3710,10,3700,3740,3700,8985
17,2020-09-01,3700,0,3680,3725,3670,14991
18,2020-08-31,3700,15,3685,3740,3685,9551
19,2020-08-28,3685,0,3685,3730,3685,6071
20,2020-08-27,3685,40,3725,3770,3650,15934
24,2020-08-26,3725,10,3800,3800,3710,7416
25,2020-08-25,3735,0,3710,3770,3710,12209
26,2020-08-24,3735,80,3660,3735,3640,15923
27,2020-08-21,3655,35,3570,3655,3570,26619
28,2020-08-20,3620,170,3790,3820,3585,26688
31,2020-08-19,3790,20,3770,3835,3755,23606
32,2020-08-18,3770,25,3795,3840,3680,30056
33,2020-08-14,3795,0,3840,3840,3755,21446
34,2020-08-13,3795,60,3820,3820,3750,12729
35,2020-08-12,3735,50,3780,3820,3715,15692
39,2020-08-11,3785,25,3720,3795,3720,11412
40,2020-08-10,3760,60,3700,3770,3700,25381
41,2020-08-07,3700,0,3720,3795,3665,50836
42,2020-08-06,3700,30,3740,3740,3695,5865
43,2020-08-05,3730,5,3745,3745,3660,5224
46,2020-08-04,3725,0,3725,3750,3705,8629
47,2020-08-03,3725,30,3695,3730,3630,13002
48,2020-07-31,3695,50,3715,3745,3690,14653
49,2020-07-30,3745,5,3735,3765,3720,20986
50,2020-07-29,3740,15,3750,3795,3710,21089
54,2020-07-28,3755,25,3770,3795,3735,28146
55,2020-07-27,3780,55,3725,3785,3700,20020
56,2020-07-24,3725,0,3730,3820,3705,14555
57,2020-07-23,3725,50,3775,3830,3725,79319
58,2020-07-22,3775,65,3830,3830,3730,78538
61,2020-07-21,3840,135,3705,4600,3670,984751
62,2020-07-20,3705,80,3800,3800,3680,10892
63,2020-07-17,3785,40,3895,3895,3750,6821
64,2020-07-16,3745,90,3620,3840,3620,26895
65,2020-07-15,3835,0,3825,3835,3780,728
69,2020-07-14,3835,25,3770,3880,3750,7254
70,2020-07-13,3810,40,3765,3810,3685,2928
71,2020-07-10,3770,60,3805,3885,3770,3801
72,2020-07-09,3830,25,3805,3895,3765,3301
73,2020-07-08,3805,20,3990,3990,3795,24891
76,2020-07-07,3785,35,3765,3845,3740,9905
77,2020-07-06,3750,60,3700,3780,3695,15959
78,2020-07-03,3690,100,3590,3765,3590,7717
79,2020-07-02,3590,65,3645,3650,3580,23088
80,2020-07-01,3655,45,3700,3700,3575,16617
84,2020-06-30,3700,5,3705,3705,3590,3994
85,2020-06-29,3705,95,3575,3745,3575,3926
86,2020-06-26,3610,60,3750,3760,3610,5432
87,2020-06-25,3670,80,3750,3750,3635,12440
88,2020-06-24,3750,50,3765,3800,3740,8327
91,2020-06-23,3800,30,3830,3830,3765,4084
92,2020-06-22,3830,55,3775,3855,3775,20097
93,2020-06-19,3775,50,3725,3800,3660,17513
94,2020-06-18,3725,0,3725,3800,3690,11642
95,2020-06-17,3725,75,3630,3740,3625,9786
99,2020-06-16,3650,200,3455,3650,3455,15590
100,2020-06-15,3450,175,3625,3785,3450,20219
101,2020-06-12,3625,125,3710,3740,3605,17387
102,2020-06-11,3750,110,3615,3790,3615,16070
103,2020-06-10,3640,10,3650,3690,3600,19362
106,2020-06-09,3650,105,3755,3755,3625,17081
107,2020-06-08,3755,25,3780,3780,3710,9170
108,2020-06-05,3780,70,3850,3850,3720,13283
109,2020-06-04,3850,80,3770,3850,3770,2564
110,2020-06-03,3770,15,3755,3865,3730,6976
114,2020-06-02,3755,45,3755,3830,3720,4702
115,2020-06-01,3800,50,3820,3820,3750,7469
116,2020-05-29,3750,30,3720,3780,3665,2902
117,2020-05-28,3720,105,3825,3825,3675,6601
118,2020-05-27,3825,0,3775,3825,3760,6828
121,2020-05-26,3825,10,3835,3845,3765,5392
122,2020-05-25,3835,60,3700,3835,3700,15667
123,2020-05-22,3775,130,3905,3910,3750,15283
124,2020-05-21,3905,15,3945,3945,3860,6915
125,2020-05-20,3920,5,3915,3945,3860,7334
129,2020-05-19,3915,15,3900,3955,3850,5617
130,2020-05-18,3900,60,3840,3925,3805,13807
131,2020-05-15,3840,30,3810,3875,3745,16323
132,2020-05-14,3810,50,3740,3845,3740,19510
133,2020-05-13,3760,30,3790,3845,3760,10638
136,2020-05-12,3790,10,3800,3850,3730,13586
137,2020-05-11,3800,50,3765,3805,3750,18340
138,2020-05-08,3750,55,3700,3780,3700,11429
139,2020-05-07,3695,55,3640,3695,3615,15555
140,2020-05-06,3640,25,3640,3640,3580,896
144,2020-05-04,3615,15,3630,3645,3575,1529
145,2020-04-29,3630,15,3610,3635,3505,13305
146,2020-04-28,3615,40,3635,3690,3515,10762
147,2020-04-27,3655,25,3630,3700,3555,3440
148,2020-04-24,3630,20,3700,3700,3530,3402
151,2020-04-23,3650,85,3555,3650,3555,19593
152,2020-04-22,3565,10,3535,3595,3460,16610
153,2020-04-21,3555,10,3500,3590,3360,14763
154,2020-04-20,3565,35,3530,3585,3530,12439
155,2020-04-17,3530,30,3440,3565,3440,16012
159,2020-04-16,3500,20,3530,3575,3435,9839
160,2020-04-14,3520,35,3415,3575,3415,7127
161,2020-04-13,3485,60,3600,3600,3465,3555
162,2020-04-10,3545,50,3495,3555,3435,15373
163,2020-04-09,3495,65,3470,3530,3435,21776
166,2020-04-08,3430,90,3340,3435,3310,16279
167,2020-04-07,3340,80,3260,3370,3260,13896
168,2020-04-06,3260,15,3290,3315,3185,12356
169,2020-04-03,3245,5,3300,3300,3120,4566
170,2020-04-02,3250,140,3125,3265,3000,7192
174,2020-04-01,3110,130,3150,3295,3110,20569
175,2020-03-31,3240,50,3190,3300,3110,11584
176,2020-03-30,3190,135,3140,3190,2970,8985
177,2020-03-27,3055,25,3150,3150,2950,11929
178,2020-03-26,3030,40,2990,3100,2930,14765
181,2020-03-25,2990,190,2805,3050,2805,19732
182,2020-03-24,2800,240,2565,2805,2565,29913
183,2020-03-23,2560,410,2925,2925,2500,43996
184,2020-03-20,2970,310,2505,2990,2505,29461
185,2020-03-19,2660,430,3090,3125,2500,26594
189,2020-03-18,3090,80,2920,3245,2920,38125
190,2020-03-17,3010,10,2920,3070,2655,24740
191,2020-03-16,3020,5,2965,3265,2965,63311
192,2020-03-13,3015,205,3190,3190,2900,58158
193,2020-03-12,3220,280,3500,3540,3170,44948
196,2020-03-11,3500,75,3575,3575,3460,20042
197,2020-03-10,3575,75,3550,3620,3470,19513
198,2020-03-09,3650,100,3665,3750,3585,9733
199,2020-03-06,3750,20,3765,3765,3695,2894
200,2020-03-05,3770,50,3735,3780,3730,5486
204,2020-03-04,3720,20,3700,3750,3690,11709
205,2020-03-03,3700,50,3655,3715,3655,9936
206,2020-03-02,3650,5,3640,3665,3565,19277
207,2020-02-28,3655,55,3820,3820,3600,13569
208,2020-02-27,3710,70,3780,3870,3700,17813
211,2020-02-26,3780,0,3780,3780,3725,16963
212,2020-02-25,3780,35,3745,3790,3725,18030
213,2020-02-24,3745,55,3740,3800,3705,19742
214,2020-02-21,3800,105,3905,3905,3800,21938
215,2020-02-20,3905,5,3900,3920,3860,13170
219,2020-02-19,3900,165,4070,4070,3900,36759
220,2020-02-18,4065,65,4000,4390,3930,236646
221,2020-02-17,4000,35,4065,4065,3955,33441
222,2020-02-14,4035,20,4015,4050,3960,33042
223,2020-02-13,4015,80,3915,4030,3880,47752
226,2020-02-12,3935,10,3930,3940,3855,39312
227,2020-02-11,3945,60,3885,4000,3845,23348
228,2020-02-10,3885,5,3890,3945,3835,21688
229,2020-02-07,3890,115,3775,3955,3750,68995
230,2020-02-06,3775,5,3770,3790,3750,16293
234,2020-02-05,3770,30,3760,3780,3725,10605
235,2020-02-04,3740,25,3675,3745,3675,16548
236,2020-02-03,3715,35,3695,3750,3645,16387
237,2020-01-31,3750,20,3715,3805,3690,14902
238,2020-01-30,3730,45,3680,3750,3650,13821
241,2020-01-29,3685,5,3695,3695,3640,17547
242,2020-01-28,3680,110,3755,3755,3615,21892
243,2020-01-23,3790,0,3785,3830,3755,8103
244,2020-01-22,3790,10,3760,3860,3730,24743
245,2020-01-21,3800,35,3765,3840,3745,11539
249,2020-01-20,3765,50,3815,3855,3755,42664
250,2020-01-17,3815,50,3765,3825,3755,31996
251,2020-01-16,3765,60,3825,3845,3760,58721
252,2020-01-15,3825,175,3675,4215,3665,520237
253,2020-01-14,3650,10,3625,3660,3625,8482
256,2020-01-13,3640,15,3605,3645,3605,11036
257,2020-01-10,3625,0,3625,3645,3590,5988
258,2020-01-09,3625,15,3610,3650,3590,15946
259,2020-01-08,3640,30,3655,3670,3510,27980
260,2020-01-07,3670,15,3635,3680,3630,7199
264,2020-01-06,3655,85,3720,3740,3650,16647
265,2020-01-03,3740,5,3730,3745,3700,7661
266,2020-01-02,3745,25,3760,3770,3710,8762
267,2019-12-30,3770,30,3725,3780,3680,7401
268,2019-12-27,3740,40,3755,3775,3715,7235
271,2019-12-26,3780,0,3775,3780,3725,6063
272,2019-12-24,3780,40,3750,3790,3705,10252
273,2019-12-23,3740,35,3685,3750,3685,10553
274,2019-12-20,3705,5,3710,3735,3675,9597
275,2019-12-19,3710,40,3750,3750,3710,4326
279,2019-12-18,3750,55,3750,3835,3730,13493
280,2019-12-17,3805,15,3770,3850,3750,6202
281,2019-12-16,3790,10,3760,3810,3750,7032
282,2019-12-13,3800,65,3740,3800,3695,7094
283,2019-12-12,3735,25,3685,3740,3670,17026
286,2019-12-11,3710,15,3720,3720,3615,7192
287,2019-12-10,3725,20,3695,3745,3670,12732
288,2019-12-09,3745,0,3800,3835,3680,17372
289,2019-12-06,3745,45,3650,3920,3545,114531
290,2019-12-05,3700,160,3540,3730,3525,37628
294,2019-12-04,3540,5,3535,3540,3500,8239
295,2019-12-03,3535,25,3525,3535,3465,8339
296,2019-12-02,3510,15,3525,3540,3500,9918
297,2019-11-29,3525,0,3530,3545,3500,6977
298,2019-11-28,3525,0,3500,3575,3500,9582
301,2019-11-27,3525,0,3530,3535,3455,3317
302,2019-11-26,3525,10,3505,3540,3495,9495
303,2019-11-25,3535,30,3505,3560,3485,13679
304,2019-11-22,3505,5,3525,3550,3465,13118
305,2019-11-21,3510,55,3545,3565,3495,9015
309,2019-11-20,3565,5,3570,3585,3515,14741
310,2019-11-19,3570,30,3540,3590,3495,17854
311,2019-11-18,3540,5,3535,3545,3505,8651
312,2019-11-15,3535,10,3520,3550,3505,6523
313,2019-11-14,3525,5,3550,3550,3495,7835
316,2019-11-13,3530,25,3560,3575,3505,6453
317,2019-11-12,3555,5,3560,3575,3515,3907
318,2019-11-11,3560,10,3540,3570,3515,5235
319,2019-11-08,3550,5,3545,3555,3520,5535
320,2019-11-07,3545,5,3540,3555,3495,3056
324,2019-11-06,3540,25,3515,3540,3495,7525
325,2019-11-05,3515,5,3510,3530,3490,7400
326,2019-11-04,3510,50,3480,3510,3455,10937
327,2019-11-01,3460,85,3545,3545,3455,21590
328,2019-10-31,3545,30,3565,3575,3520,7048
331,2019-10-30,3575,5,3545,3575,3515,12431
332,2019-10-29,3580,15,3575,3595,3520,12637
333,2019-10-28,3595,35,3555,3595,3515,17976
334,2019-10-25,3560,30,3555,3570,3515,9041
335,2019-10-24,3530,30,3560,3570,3515,9277
339,2019-10-23,3560,45,3515,3560,3490,11288
340,2019-10-22,3515,35,3550,3560,3490,13284
341,2019-10-21,3550,20,3610,3620,3485,28405
342,2019-10-18,3570,5,3575,3580,3500,22727
343,2019-10-17,3575,10,3570,3575,3535,6205
346,2019-10-16,3565,10,3570,3580,3520,5855
347,2019-10-15,3555,50,3510,3560,3510,5498
348,2019-10-14,3505,5,3550,3550,3500,3553
349,2019-10-11,3500,30,3530,3570,3500,3148
350,2019-10-10,3530,5,3535,3570,3500,4597
354,2019-10-08,3535,25,3510,3545,3485,5456
355,2019-10-07,3510,0,3545,3545,3480,10952
356,2019-10-04,3510,10,3500,3550,3495,5005
357,2019-10-02,3500,85,3585,3585,3500,13596
358,2019-10-01,3585,10,3570,3600,3500,22344
361,2019-09-30,3595,80,3675,3675,3530,20183
362,2019-09-27,3675,10,3700,3700,3605,5528
363,2019-09-26,3665,40,3680,3730,3665,6720
364,2019-09-25,3705,20,3710,3740,3635,8292
365,2019-09-24,3725,20,3760,3785,3705,6151
369,2019-09-23,3705,60,3775,3775,3705,9982
370,2019-09-20,3765,0,3750,3790,3720,19907
371,2019-09-19,3765,5,3735,3770,3735,2881
372,2019-09-18,3760,15,3755,3770,3735,13418
373,2019-09-17,3775,10,3780,3780,3755,14852
376,2019-09-16,3765,0,3765,3780,3765,13388
377,2019-09-11,3765,50,3715,3860,3675,20975
378,2019-09-10,3715,5,3760,3765,3670,12965
379,2019-09-09,3720,60,3670,3740,3650,6939
380,2019-09-06,3660,85,3760,3790,3660,10454
384,2019-09-05,3745,60,3670,3770,3670,15900
385,2019-09-04,3685,65,3675,3765,3660,9755
386,2019-09-03,3750,60,3700,3775,3630,8615
387,2019-09-02,3690,10,3680,3710,3630,7623
388,2019-08-30,3680,60,3670,3680,3625,6898
391,2019-08-29,3620,70,3690,3700,3600,8071
392,2019-08-28,3690,5,3710,3725,3650,4988
393,2019-08-27,3695,15,3680,3720,3640,11970
394,2019-08-26,3680,80,3760,3760,3565,18943
395,2019-08-23,3760,20,3780,3795,3700,2369
399,2019-08-22,3780,80,3715,3785,3680,30532
400,2019-08-21,3700,5,3700,3725,3685,21771
401,2019-08-20,3695,65,3650,3695,3610,16213
402,2019-08-19,3630,100,3530,3650,3530,14329
403,2019-08-16,3530,60,3640,3640,3530,3854
406,2019-08-14,3590,50,3565,3700,3555,33269
407,2019-08-13,3540,10,3510,3575,3500,14457
408,2019-08-12,3530,60,3440,3565,3440,15722
409,2019-08-09,3470,35,3535,3535,3460,17416
410,2019-08-08,3505,50,3405,3520,3405,35412
414,2019-08-07,3455,30,3495,3495,3345,10999
415,2019-08-06,3425,50,3480,3570,3150,24723
416,2019-08-05,3475,50,3525,3550,3400,29744
417,2019-08-02,3525,50,3490,3540,3470,17389
418,2019-08-01,3475,15,3450,3585,3450,18779
421,2019-07-31,3460,110,3345,3495,3320,26849
422,2019-07-30,3350,0,3290,3460,3290,19856
423,2019-07-29,3350,160,3490,3530,3340,38342
424,2019-07-26,3510,15,3525,3575,3435,32064
425,2019-07-25,3525,140,3660,3695,3525,23821
429,2019-07-24,3665,35,3700,3720,3645,20340
430,2019-07-23,3700,15,3715,3725,3665,12392
431,2019-07-22,3715,30,3740,3740,3690,9034
432,2019-07-19,3745,80,3665,3775,3650,9950
433,2019-07-18,3665,35,3630,3680,3605,8370
436,2019-07-17,3630,30,3695,3695,3585,15301
437,2019-07-16,3660,85,3705,3755,3650,29380
438,2019-07-15,3745,0,3745,3755,3690,8842
439,2019-07-12,3745,40,3780,3785,3685,23229
440,2019-07-11,3785,60,3845,3865,3740,25094
444,2019-07-10,3845,100,3705,3860,3700,4335
445,2019-07-09,3745,45,3720,3745,3620,34256
446,2019-07-08,3700,130,3800,3860,3690,27929
447,2019-07-05,3830,10,3835,3870,3800,16936
448,2019-07-04,3840,40,3780,3840,3780,16130
451,2019-07-03,3800,10,3810,3845,3790,17692
452,2019-07-02,3810,35,3760,3810,3750,26819
453,2019-07-01,3775,20,3730,3810,3730,23121
454,2019-06-28,3795,45,3880,3950,3790,25513
455,2019-06-27,3840,175,4015,4015,3840,46401
459,2019-06-26,4015,40,4025,4060,3955,17804
460,2019-06-25,4055,5,4050,4075,4015,10900
461,2019-06-24,4050,15,4100,4100,4020,22559
462,2019-06-21,4065,5,4055,4075,4015,21286
463,2019-06-20,4060,15,4075,4075,4010,25497
466,2019-06-19,4075,0,4050,4110,4045,18456
467,2019-06-18,4075,20,4075,4100,4040,23144
468,2019-06-17,4095,30,4065,4095,4005,11530
469,2019-06-14,4065,25,4090,4100,4025,22124
470,2019-06-13,4090,0,4090,4100,4040,9719
474,2019-06-12,4090,60,4150,4150,4040,21872
475,2019-06-11,4150,30,4120,4165,4050,44759
476,2019-06-10,4120,90,4000,4125,3990,53659
477,2019-06-07,4030,135,3920,4070,3865,49058
478,2019-06-05,3895,15,3885,3905,3855,9534
481,2019-06-04,3880,65,3755,3880,3755,13359
482,2019-06-03,3815,5,3750,3825,3745,18453
483,2019-05-31,3820,35,3830,3840,3740,22875
484,2019-05-30,3855,20,3755,3855,3755,15522
485,2019-05-29,3835,75,3905,3905,3810,14219
489,2019-05-28,3910,35,3830,3935,3830,12504
490,2019-05-27,3875,90,3735,3965,3735,29018
491,2019-05-24,3785,100,3810,3885,3775,35236
492,2019-05-23,3885,140,4010,4045,3885,35608
493,2019-05-22,4025,55,3985,4050,3970,21713
496,2019-05-21,3970,60,3910,4000,3910,25901
497,2019-05-20,3910,130,3955,4060,3890,46933
498,2019-05-17,4040,80,4185,4185,4015,33618
499,2019-05-16,4120,25,4150,4210,4105,18135
500,2019-05-15,4145,60,4160,4160,4060,16752
504,2019-05-14,4085,5,3950,4090,3950,19763
505,2019-05-13,4080,40,3970,4125,3970,32751
506,2019-05-10,4040,90,4035,4145,3965,43142
507,2019-05-09,4130,25,4185,4190,4000,49715
508,2019-05-08,4155,180,4335,4335,4120,90268
511,2019-05-07,4335,80,4350,4360,4275,18526
512,2019-05-03,4415,10,4405,4485,4355,22286
513,2019-05-02,4405,35,4440,4470,4405,22119
514,2019-04-30,4440,75,4325,4440,4325,31734
515,2019-04-29,4365,50,4320,4425,4255,30410
519,2019-04-26,4315,115,4440,4440,4200,70351
520,2019-04-25,4430,155,4570,4580,4425,66063
521,2019-04-24,4585,95,4675,4725,4545,90334
522,2019-04-23,4680,15,4655,4710,4520,87456
523,2019-04-22,4665,105,4735,4790,4665,146688
526,2019-04-19,4770,195,4640,4900,4570,385764
527,2019-04-18,4575,50,4630,4760,4570,187540
528,2019-04-17,4625,65,4560,4650,4465,83879
529,2019-04-16,4560,100,4430,4595,4395,92353
530,2019-04-15,4460,135,4550,4575,4415,111368
534,2019-04-12,4595,85,4665,4700,4535,123010
535,2019-04-11,4680,35,4650,4715,4595,106370
536,2019-04-10,4645,40,4635,4695,4555,169143
537,2019-04-09,4605,130,4475,4750,4455,552469
538,2019-04-08,4475,20,4470,4590,4380,109040
541,2019-04-05,4455,115,4620,4645,4425,195294
542,2019-04-04,4570,145,4440,4570,4390,156637
543,2019-04-03,4425,25,4450,4520,4385,106140
544,2019-04-02,4450,70,4520,4545,4390,252575
545,2019-04-01,4520,50,4435,4570,4355,512563
549,2019-03-29,4470,305,4170,4825,4170,3404164
550,2019-03-28,4165,25,4145,4190,4090,25796
551,2019-03-27,4140,100,4250,4300,4130,58563
552,2019-03-26,4240,110,4210,4265,4090,57152
553,2019-03-25,4130,40,4080,4455,4040,386433
556,2019-03-22,4090,100,4205,4230,4060,53412
557,2019-03-21,4190,95,4285,4300,4170,43194
558,2019-03-20,4285,120,4405,4405,4245,72182
559,2019-03-19,4405,95,4310,4445,4310,53479
560,2019-03-18,4310,30,4340,4465,4310,83739
564,2019-03-15,4340,100,4425,4435,4295,80448
565,2019-03-14,4440,225,4250,4485,4230,201722
566,2019-03-13,4215,125,4340,4340,4200,57581
567,2019-03-12,4340,130,4215,4375,4215,138916
568,2019-03-11,4210,15,4175,4250,4125,53908
571,2019-03-08,4195,5,4200,4270,4130,78856
572,2019-03-07,4200,160,4370,4410,4200,129016
573,2019-03-06,4360,80,4270,4385,4250,121930
574,2019-03-05,4280,60,4345,4400,4170,176257
575,2019-03-04,4340,40,4320,4440,4320,95743
579,2019-02-28,4300,270,4565,4570,4230,334247
580,2019-02-27,4570,0,4570,4585,4445,333868
581,2019-02-26,4570,30,4630,4785,4510,910433
582,2019-02-25,4600,625,4025,5050,4025,5689836
583,2019-02-22,3975,95,3910,3975,3855,48369
586,2019-02-21,3880,15,3900,3900,3830,19079
587,2019-02-20,3865,0,3865,3870,3830,12095
588,2019-02-19,3865,15,3895,3895,3775,17486
589,2019-02-18,3850,20,3920,3930,3840,23390
590,2019-02-15,3870,30,3910,3930,3865,9019
594,2019-02-14,3900,35,3870,3900,3865,6724
595,2019-02-13,3865,45,3870,3930,3850,14693
596,2019-02-12,3910,25,3905,3910,3835,12005
597,2019-02-11,3885,30,3910,3910,3855,13409
598,2019-02-08,3915,5,3880,3920,3860,15615
601,2019-02-07,3920,0,3900,3935,3880,5951
602,2019-02-01,3920,30,3950,3975,3900,8262
603,2019-01-31,3950,15,3985,3985,3860,22990
604,2019-01-30,3935,5,3905,4000,3900,13064
605,2019-01-29,3930,40,3905,4015,3885,25459
609,2019-01-28,3970,25,3990,4000,3915,14085
610,2019-01-25,3945,5,3940,4015,3890,25109
611,2019-01-24,3940,30,3935,3940,3905,6455
612,2019-01-23,3910,35,3855,3910,3850,9353
613,2019-01-22,3875,25,3910,3910,3875,14350
616,2019-01-21,3900,30,3900,3950,3850,40124
617,2019-01-18,3930,10,4020,4020,3920,24859
618,2019-01-17,3940,80,4035,4035,3940,28471
619,2019-01-16,4020,20,4060,4060,3980,20468
620,2019-01-15,4000,30,3950,4020,3950,11787
624,2019-01-14,3970,30,3935,4010,3935,16344
625,2019-01-11,4000,35,4120,4120,3965,17592
626,2019-01-10,4035,10,4025,4035,3935,35743
627,2019-01-09,4025,95,3950,4030,3910,20709
628,2019-01-08,3930,75,4040,4040,3920,23707
631,2019-01-07,4005,15,4020,4070,3965,27779
632,2019-01-04,4020,5,4085,4085,3940,29770
633,2019-01-03,4015,40,3985,4100,3975,60571
634,2019-01-02,3975,15,3975,4140,3955,46629
635,2018-12-28,3960,0,3960,4115,3935,57569
639,2018-12-27,3960,215,3800,4000,3745,30610
640,2018-12-26,3745,15,3725,3820,3685,25842
641,2018-12-24,3760,105,3865,3880,3715,43400
642,2018-12-21,3865,35,3785,3905,3755,24807
643,2018-12-20,3830,200,3865,4170,3805,280577
646,2018-12-19,3630,30,3600,3655,3535,10658
647,2018-12-18,3600,15,3565,3630,3490,34631
648,2018-12-17,3615,105,3720,3720,3570,28213
649,2018-12-14,3720,40,3755,3800,3665,13622
650,2018-12-13,3760,35,3790,3910,3760,9750
654,2018-12-12,3795,70,3865,3910,3775,12211
655,2018-12-11,3865,20,3880,3885,3790,15738
656,2018-12-10,3885,70,3855,3905,3750,13642
657,2018-12-07,3955,20,3865,3995,3845,5499
658,2018-12-06,3935,115,4090,4130,3820,20074
661,2018-12-05,4050,60,3940,4090,3935,20000
662,2018-12-04,3990,120,3870,3995,3825,14629
663,2018-12-03,3870,65,3805,3870,3800,14075
664,2018-11-30,3805,15,3780,3805,3735,6723
665,2018-11-29,3790,40,3795,3795,3745,14750
669,2018-11-28,3750,20,3730,3840,3700,31065
670,2018-11-27,3730,110,3760,3875,3630,36568
671,2018-11-26,3840,85,3710,3850,3710,4142
672,2018-11-23,3755,95,3770,3890,3735,19063
673,2018-11-22,3850,95,3980,3980,3800,16512
676,2018-11-21,3945,95,3915,3995,3885,19541
677,2018-11-20,4040,20,3975,4080,3975,11144
678,2018-11-19,4020,40,4060,4100,3985,15990
679,2018-11-16,4060,50,4010,4085,3980,17151
680,2018-11-15,4010,60,3950,4120,3830,52173
684,2018-11-14,3950,190,4150,4275,3945,34261
685,2018-11-13,4140,60,4080,4150,3900,20960
686,2018-11-12,4080,100,4295,4295,4020,13441
687,2018-11-09,4180,10,4150,4190,4100,10644
688,2018-11-08,4170,135,4035,4200,4035,18514
691,2018-11-07,4035,160,4190,4230,4010,29059
692,2018-11-06,4195,115,4000,4220,4000,18382
693,2018-11-05,4080,5,4075,4100,3940,11560
694,2018-11-02,4085,165,3850,4095,3850,28815
695,2018-11-01,3920,165,3850,3960,3785,27329
699,2018-10-31,3755,270,3415,3755,3415,37257
700,2018-10-30,3485,70,3400,3630,3180,131612
701,2018-10-29,3415,845,4200,4410,3415,147360
702,2018-10-26,4260,20,4280,4360,4140,96468
703,2018-10-25,4280,20,4020,4325,4020,82759
706,2018-10-24,4260,170,4135,4485,4080,151364
707,2018-10-23,4090,230,4305,4325,4090,59788
708,2018-10-22,4320,50,4370,4370,4270,93756
709,2018-10-19,4270,30,4180,4280,4105,95013
710,2018-10-18,4240,145,4185,4555,4100,707373
714,2018-10-17,4095,280,4000,4195,3905,195291
715,2018-10-16,3815,105,3710,3850,3710,43441
716,2018-10-15,3710,170,3845,3850,3665,70479
717,2018-10-12,3880,50,3700,3980,3700,65861
718,2018-10-11,3830,110,3800,3945,3700,117576
721,2018-10-10,3940,255,4220,4230,3940,97982
722,2018-10-08,4195,60,4245,4325,4165,78431
723,2018-10-05,4255,230,4440,4490,4245,157942
724,2018-10-04,4485,20,4495,4570,4355,189536
725,2018-10-02,4505,60,4390,4585,4360,508756
729,2018-10-01,4445,370,4040,4780,4030,2660621
730,2018-09-28,4075,15,4015,4095,3990,32198
731,2018-09-27,4060,10,4090,4090,4025,18949
732,2018-09-21,4050,60,3965,4055,3965,21148
733,2018-09-20,3990,90,3905,4030,3905,19628
736,2018-09-19,3900,120,4020,4030,3900,52330
737,2018-09-18,4020,60,4095,4095,4010,16869
738,2018-09-17,4080,20,4100,4130,4010,37381
739,2018-09-14,4100,35,4125,4160,4045,37970
740,2018-09-13,4135,95,3935,4145,3935,111916
744,2018-09-12,4040,45,4085,4110,4000,59263
745,2018-09-11,4085,30,4055,4125,4035,62094
746,2018-09-10,4055,10,4065,4100,4035,53909
747,2018-09-07,4065,110,4165,4225,3865,166209
748,2018-09-06,4175,165,4340,4340,4175,115437
751,2018-09-05,4340,125,4215,4435,4175,200650
752,2018-09-04,4215,50,4225,4265,4170,112037
753,2018-09-03,4265,20,4365,4370,4240,77005
754,2018-08-31,4285,55,4400,4400,4250,100403
755,2018-08-30,4340,50,4290,4340,4205,136345
759,2018-08-29,4290,110,4390,4620,4225,545932
760,2018-08-28,4400,180,4170,4445,4170,501631
761,2018-08-27,4220,130,4350,4380,4170,203983
762,2018-08-24,4350,50,4330,4440,4260,299296
763,2018-08-23,4400,245,4200,4675,4180,2942274
766,2018-08-22,4155,75,4235,4380,4135,517810
767,2018-08-21,4230,365,4535,4655,4110,577686
768,2018-08-20,4595,215,4380,4850,4380,955320
769,2018-08-17,4380,190,4515,4760,4380,875903
770,2018-08-16,4570,605,3900,4850,3880,4447181
774,2018-08-14,3965,180,4070,4250,3885,965669
775,2018-08-13,4145,450,3650,4695,3565,4766657
776,2018-08-10,3695,265,3430,4395,3410,1052483
777,2018-08-09,3430,50,3480,3480,3400,527393
778,2018-08-08,3480,35,3450,3490,3395,15064
781,2018-08-07,3445,20,3450,3450,3380,1537
782,2018-08-06,3425,15,3410,3430,3390,1942
783,2018-08-03,3410,40,3405,3410,3380,2503
784,2018-08-02,3370,15,3385,3420,3340,3126
785,2018-08-01,3385,25,3360,3390,3355,2863
789,2018-07-31,3360,0,3345,3360,3330,447
790,2018-07-30,3360,10,3370,3370,3310,1657
791,2018-07-27,3370,0,3370,3370,3335,635
792,2018-07-26,3370,60,3310,3380,3300,4047
793,2018-07-25,3310,30,3360,3375,3265,4617
796,2018-07-24,3340,35,3305,3340,3275,4148
797,2018-07-23,3305,65,3400,3400,3290,6603
798,2018-07-20,3370,20,3390,3390,3355,989
799,2018-07-19,3390,35,3355,3395,3330,823
800,2018-07-18,3355,0,3355,3355,3320,5234
804,2018-07-17,3355,25,3380,3380,3315,18922
805,2018-07-16,3380,0,3380,3415,3345,13514
806,2018-07-13,3380,50,3430,3430,3370,15799
807,2018-07-12,3430,0,3430,3430,3385,1356
808,2018-07-11,3430,15,3475,3475,3375,16116
811,2018-07-10,3445,40,3400,3455,3400,9358
812,2018-07-09,3405,35,3370,3405,3345,1781
813,2018-07-06,3370,110,3260,3370,3250,1817
814,2018-07-05,3260,50,3310,3375,3260,5405
815,2018-07-04,3310,50,3360,3395,3310,8177
819,2018-07-03,3360,90,3450,3450,3350,4983
820,2018-07-02,3450,0,3450,3465,3400,9477
821,2018-06-29,3450,130,3540,3540,3425,9155
822,2018-06-28,3580,0,3580,3590,3535,1328
823,2018-06-27,3580,35,3510,3585,3510,1494
826,2018-06-26,3545,20,3600,3600,3505,4058
827,2018-06-25,3525,70,3420,3525,3420,1617
828,2018-06-22,3455,15,3470,3485,3420,10008
829,2018-06-21,3470,90,3560,3560,3460,6686
830,2018-06-20,3560,20,3575,3580,3545,4608
834,2018-06-19,3580,20,3600,3650,3440,10834
835,2018-06-18,3600,50,3650,3680,3600,3745
836,2018-06-15,3650,35,3695,3695,3650,1471
837,2018-06-14,3685,10,3750,3750,3685,2909
838,2018-06-12,3695,35,3680,3700,3670,2163
841,2018-06-11,3660,20,3680,3715,3655,2800
842,2018-06-08,3680,0,3700,3750,3640,13573
843,2018-06-07,3680,20,3660,3680,3660,9642
844,2018-06-05,3660,60,3605,3675,3605,3305
845,2018-06-04,3600,70,3670,3670,3600,16241
849,2018-06-01,3670,20,3690,3690,3645,10458
850,2018-05-31,3690,0,3690,3690,3670,1596
851,2018-05-30,3690,20,3710,3710,3675,4188
852,2018-05-29,3710,75,3740,3785,3710,6729
853,2018-05-28,3785,40,3740,3785,3720,8640
856,2018-05-25,3745,75,3820,3820,3745,3765
857,2018-05-24,3820,25,3820,3845,3765,4760
858,2018-05-23,3845,5,3835,3885,3830,4797
859,2018-05-21,3840,15,3855,3895,3815,9884
860,2018-05-18,3855,10,3870,3870,3815,19939
864,2018-05-17,3845,20,3780,3865,3780,8212
865,2018-05-16,3825,20,3800,3845,3800,24489
866,2018-05-15,3845,15,3845,3845,3785,11600
867,2018-05-14,3830,65,3800,3835,3775,16137
868,2018-05-11,3765,20,3775,3790,3705,5485
871,2018-05-10,3745,25,3745,3745,3680,8030
872,2018-05-09,3720,15,3745,3745,3665,5919
873,2018-05-08,3705,0,3690,3780,3690,5813
874,2018-05-04,3705,25,3680,3755,3675,13301
875,2018-05-03,3680,10,3670,3805,3665,34206
879,2018-05-02,3670,10,3680,3700,3640,13908
880,2018-04-30,3680,40,3720,3720,3655,4286
881,2018-04-27,3720,15,3735,3740,3675,3134
882,2018-04-26,3735,20,3660,3740,3650,10397
883,2018-04-25,3715,20,3735,3750,3645,9525
886,2018-04-24,3735,15,3750,3760,3655,5686
887,2018-04-23,3750,95,3655,3750,3650,14144
888,2018-04-20,3655,10,3665,3665,3610,5584
889,2018-04-19,3645,5,3650,3670,3620,8537
890,2018-04-18,3650,40,3615,3680,3605,8961
894,2018-04-17,3610,10,3640,3710,3610,5827
895,2018-04-16,3600,20,3660,3680,3590,10100
896,2018-04-13,3620,80,3545,3670,3545,4306
897,2018-04-12,3540,10,3550,3580,3540,3610
898,2018-04-11,3550,20,3570,3570,3500,4339
901,2018-04-10,3570,60,3550,3570,3520,16099
902,2018-04-09,3630,25,3600,3645,3550,3613
903,2018-04-06,3605,5,3610,3625,3590,6376
904,2018-04-05,3610,45,3605,3630,3605,6061
905,2018-04-04,3655,0,3660,3660,3605,4867
909,2018-04-03,3655,25,3680,3680,3650,3224
910,2018-04-02,3680,30,3685,3705,3680,1840
911,2018-03-30,3710,10,3700,3740,3680,2818
912,2018-03-29,3700,45,3770,3770,3690,1356
913,2018-03-28,3745,10,3750,3750,3690,1291
916,2018-03-27,3735,45,3690,3750,3660,1523
917,2018-03-26,3690,20,3675,3710,3665,3059
918,2018-03-23,3670,100,3755,3810,3670,7635
919,2018-03-22,3770,5,3760,3800,3740,2126
920,2018-03-21,3765,10,3775,3775,3745,4749
924,2018-03-20,3775,15,3790,3790,3755,4763
925,2018-03-19,3790,25,3765,3790,3745,7146
926,2018-03-16,3765,0,3765,3795,3760,2612
927,2018-03-15,3765,25,3790,3835,3765,3212
928,2018-03-14,3790,50,3840,3840,3790,4067
931,2018-03-13,3840,15,3825,3840,3810,1319
932,2018-03-12,3825,15,3840,3850,3805,3645
933,2018-03-09,3840,50,3790,3850,3775,3585
934,2018-03-08,3790,70,3860,3860,3780,4939
935,2018-03-07,3860,20,3840,3865,3800,1901
939,2018-03-06,3840,75,3730,3840,3730,4480
940,2018-03-05,3765,40,3805,3805,3745,14111
941,2018-03-02,3805,15,3815,3825,3800,7336
942,2018-02-28,3820,50,3865,3865,3805,2932
943,2018-02-27,3870,20,3850,3870,3840,1353
946,2018-02-26,3850,10,3840,3900,3815,7248
947,2018-02-23,3840,15,3855,3855,3820,2812
948,2018-02-22,3855,5,3850,3875,3825,1993
949,2018-02-21,3860,25,3830,3870,3805,3989
950,2018-02-20,3835,30,3805,3840,3775,5167
954,2018-02-19,3805,25,3830,3835,3800,7382
955,2018-02-14,3830,15,3845,3845,3800,4465
956,2018-02-13,3845,15,3830,3860,3830,4062
957,2018-02-12,3830,20,3895,3895,3800,11942
958,2018-02-09,3850,30,3860,3940,3845,8516
961,2018-02-08,3880,15,3895,3930,3870,5822
962,2018-02-07,3895,65,3925,3955,3850,23272
963,2018-02-06,3960,20,3900,3960,3830,23253
964,2018-02-05,3980,5,3960,3990,3910,14689
965,2018-02-02,3985,25,3970,4030,3940,20947
969,2018-02-01,4010,25,3990,4020,3985,19464
970,2018-01-31,3985,10,3975,3990,3925,12488
971,2018-01-30,3975,50,4000,4035,3975,15953
972,2018-01-29,4025,45,3980,4045,3980,23258
973,2018-01-26,3980,30,3955,3990,3955,14902
976,2018-01-25,3950,30,3920,3955,3920,10776
977,2018-01-24,3920,15,3940,3960,3915,10524
978,2018-01-23,3935,30,3965,4000,3915,6303
979,2018-01-22,3965,25,3990,4045,3935,5600
980,2018-01-19,3990,30,3960,4000,3960,7800
984,2018-01-18,3960,0,3990,3990,3940,11312
985,2018-01-17,3960,150,4110,4180,3945,47429
986,2018-01-16,4110,140,3970,4110,3970,26149
987,2018-01-15,3970,40,3930,4000,3930,14568
988,2018-01-12,3930,5,3935,3980,3930,15990
991,2018-01-11,3935,35,3970,4005,3920,18745
992,2018-01-10,3970,85,4080,4080,3970,16982
993,2018-01-09,4055,30,4090,4090,3960,16236
994,2018-01-08,4085,10,4100,4100,4040,13270
995,2018-01-05,4075,20,4085,4085,4020,13976
999,2018-01-04,4055,125,3930,4080,3930,49656
1000,2018-01-03,3930,10,3915,3960,3900,20604
1001,2018-01-02,3920,0,3920,3920,3840,12075
1002,2017-12-28,3920,5,3920,3920,3865,7229
1003,2017-12-27,3925,35,3955,3955,3890,3600
1006,2017-12-26,3960,25,3980,3980,3900,19333
1007,2017-12-22,3985,5,3950,3985,3905,20633
1008,2017-12-21,3980,5,3985,4020,3920,14974
1009,2017-12-20,3985,10,3990,4015,3945,13250
1010,2017-12-19,3975,25,4000,4000,3960,14331
1014,2017-12-18,4000,40,3985,4000,3930,13923
1015,2017-12-15,3960,30,3930,3970,3930,11642
1016,2017-12-14,3930,0,3920,3950,3900,7576
1017,2017-12-13,3930,10,3920,3950,3920,1134
1018,2017-12-12,3920,50,3970,3970,3915,2267
1021,2017-12-11,3970,60,3925,3990,3920,9786
1022,2017-12-08,3910,5,3915,3940,3870,21279
1023,2017-12-07,3915,5,3920,3935,3890,14152
1024,2017-12-06,3920,90,4000,4000,3920,16669
1025,2017-12-05,4010,55,3955,4015,3950,14608
1029,2017-12-04,3955,45,3990,3990,3935,4425
1030,2017-12-01,4000,5,3995,4000,3940,13422
1031,2017-11-30,3995,15,3980,4000,3935,14199
1032,2017-11-29,3980,5,3975,4000,3910,17039
1033,2017-11-28,3975,5,3980,4005,3930,16413
1036,2017-11-27,3980,55,4035,4035,3970,3460
1037,2017-11-24,4035,5,4000,4070,3980,16443
1038,2017-11-23,4030,45,3990,4030,3950,12940
1039,2017-11-22,3985,20,4030,4050,3930,19257
1040,2017-11-21,4005,80,3925,4020,3905,14773
1044,2017-11-20,3925,30,3910,3985,3875,17482
1045,2017-11-17,3955,0,3955,3980,3900,7386
1046,2017-11-16,3955,5,3960,3995,3910,11019
1047,2017-11-15,3960,45,4005,4005,3955,19798
1048,2017-11-14,4005,5,4010,4045,3995,11945
1051,2017-11-13,4010,20,4030,4060,4010,8201
1052,2017-11-10,4030,60,4090,4090,4025,2545
1053,2017-11-09,4090,40,4000,4090,4000,18858
1054,2017-11-08,4050,35,4015,4060,4005,3402
1055,2017-11-07,4015,55,4060,4070,4015,3127
1059,2017-11-06,4070,25,4045,4080,4015,6029
1060,2017-11-03,4045,40,4085,4085,4000,10674
1061,2017-11-02,4085,90,4170,4170,3910,11899
1062,2017-11-01,4175,45,4080,4180,4035,23444
1063,2017-10-31,4130,15,4125,4150,3990,29385
1066,2017-10-30,4115,10,4100,4125,4080,14075
1067,2017-10-27,4105,40,4065,4120,4065,14292
1068,2017-10-26,4065,60,4005,4065,4005,18579
1069,2017-10-25,4005,5,4010,4040,4000,15207
1070,2017-10-24,4000,10,3990,4070,3990,26194
1074,2017-10-23,3990,45,4060,4060,3990,13036
1075,2017-10-20,4035,30,4040,4050,3980,14178
1076,2017-10-19,4005,40,4045,4075,3990,17796
1077,2017-10-18,4045,15,4070,4075,4010,11433
1078,2017-10-17,4030,85,3945,4060,3945,12855
1081,2017-10-16,3945,55,4125,4125,3900,8621
1082,2017-10-13,4000,50,4050,4100,4000,6076
1083,2017-10-12,4050,35,4015,4060,4015,2652
1084,2017-10-11,4015,35,4050,4095,4010,8066
1085,2017-10-10,4050,25,4080,4100,4010,12383
1089,2017-09-29,4075,55,4000,4135,3995,29420
1090,2017-09-28,4020,20,3985,4040,3970,28189
1091,2017-09-27,4000,150,3820,4075,3820,33156
1092,2017-09-26,3850,50,3730,3920,3730,24183
1093,2017-09-25,3800,120,3920,3995,3705,27712
1096,2017-09-22,3920,0,3960,4025,3870,41080
1097,2017-09-21,3920,130,4050,4050,3900,26079
1098,2017-09-20,4050,15,4065,4080,3955,15797
1099,2017-09-19,4065,25,4080,4080,4030,9721
1100,2017-09-18,4040,50,3940,4070,3940,12335
1104,2017-09-15,3990,40,3950,4000,3950,11824
1105,2017-09-14,3950,0,3920,3985,3920,9563
1106,2017-09-13,3950,85,3865,3950,3755,20707
1107,2017-09-12,3865,35,3885,3900,3800,32849
1108,2017-09-11,3900,55,3995,3995,3890,13583
1111,2017-09-08,3955,10,3980,3995,3905,4619
1112,2017-09-07,3965,20,3960,3975,3945,2560
1113,2017-09-06,3945,25,3920,3950,3895,13386
1114,2017-09-05,3920,20,3900,3930,3875,16889
1115,2017-09-04,3900,90,3975,3975,3845,52974
1119,2017-09-01,3990,25,3965,3995,3945,8981
1120,2017-08-31,3965,10,3975,4005,3935,12748
1121,2017-08-30,3975,50,4000,4020,3930,8415
1122,2017-08-29,4025,0,4010,4025,3930,13355
1123,2017-08-28,4025,5,4020,4040,3990,3847
1126,2017-08-25,4020,35,3985,4030,3985,6693
1127,2017-08-24,3985,20,4005,4005,3960,6821
1128,2017-08-23,4005,10,3995,4025,3980,4330
1129,2017-08-22,3995,35,4040,4040,3985,8527
1130,2017-08-21,4030,15,4040,4040,3980,31856
1134,2017-08-18,4015,15,4020,4020,3990,8468
1135,2017-08-17,4030,25,4005,4040,3990,9691
1136,2017-08-16,4005,55,4035,4060,3995,16070
1137,2017-08-14,4060,10,4185,4190,4055,11612
1138,2017-08-11,4050,70,4080,4120,4050,12239
1141,2017-08-10,4120,20,4120,4135,4070,6418
1142,2017-08-09,4140,40,4180,4180,4070,16548
1143,2017-08-08,4180,0,4180,4200,4160,1960
1144,2017-08-07,4180,10,4200,4200,4120,9764
1145,2017-08-04,4190,30,4160,4190,4110,7183
1149,2017-08-03,4160,80,4295,4330,4120,30437
1150,2017-08-02,4240,20,4240,4255,4200,17240
1151,2017-08-01,4260,25,4235,4300,4170,8444
1152,2017-07-31,4235,85,4230,4255,4150,15342
1153,2017-07-28,4320,5,4280,4355,4270,4533
1156,2017-07-27,4315,0,4315,4330,4295,8620
1157,2017-07-26,4315,30,4285,4325,4260,16286
1158,2017-07-25,4285,55,4300,4360,4270,13871
1159,2017-07-24,4340,15,4350,4370,4295,7775
1160,2017-07-21,4355,30,4325,4375,4300,19852
1164,2017-07-20,4325,25,4365,4375,4300,12356
1165,2017-07-19,4350,150,4240,4470,4195,31678
1166,2017-07-18,4200,70,4140,4200,4140,9314
1167,2017-07-17,4130,35,4165,4195,4125,24067
1168,2017-07-14,4165,60,4185,4200,4105,16161
1171,2017-07-13,4225,55,4280,4280,4170,31484
1172,2017-07-12,4280,10,4290,4290,4250,15808
1173,2017-07-11,4290,15,4265,4305,4240,25179
1174,2017-07-10,4305,60,4385,4385,4260,25340
1175,2017-07-07,4365,15,4360,4380,4310,20610
1179,2017-07-06,4380,5,4360,4385,4360,8444
1180,2017-07-05,4385,25,4360,4405,4360,28226
1181,2017-07-04,4360,35,4325,4395,4295,45447
1182,2017-07-03,4325,5,4320,4360,4290,12077
1183,2017-06-30,4320,30,4305,4330,4275,11912
